test_score,writing skills,reading skill,attendance,quiz
12,8,24,45,5
13,6,36,25,6
15,9,54,46,7
16.33333333,8.666666667,68,54,8
17.83333333,9.166666667,83,54.5,9
19.33333333,9.666666667,98,59.3,10
20.83333333,10.16666667,100,64.1,11
22.33333333,10.66666667,95,68.9,12
23.83333333,11.16666667,65,73.7,13
25.33333333,11.66666667,23,78.5,14
